Datetime,Water Level (m)
2025-07-21 18:00:00,0.283816
2025-07-21 19:00:00,-0.2536059
2025-07-21 20:00:00,-0.7445864
2025-07-21 21:00:00,-1.010152
2025-07-21 22:00:00,-0.7939993
2025-07-21 23:00:00,-0.24144994
2025-07-22 00:00:00,0.487817
2025-07-22 01:00:00,1.2364666
2025-07-22 02:00:00,1.8170561
2025-07-22 03:00:00,2.135202
2025-07-22 04:00:00,2.0534964
2025-07-22 05:00:00,1.7334319
2025-07-22 06:00:00,1.1365398
2025-07-22 07:00:00,0.4506688
2025-07-22 08:00:00,-0.2540828
2025-07-22 09:00:00,-0.81362754
2025-07-22 10:00:00,-1.0679369
2025-07-22 11:00:00,-0.8720007
2025-07-22 12:00:00,-0.3192177
2025-07-22 13:00:00,0.37966117
2025-07-22 14:00:00,1.0337017
2025-07-22 15:00:00,1.4726021
2025-07-22 16:00:00,1.6629417
2025-07-22 17:00:00,1.4355912
2025-07-22 18:00:00,1.0106385
2025-07-22 19:00:00,0.3649061
2025-07-22 20:00:00,-0.30212495
2025-07-22 21:00:00,-0.8882155
2025-07-22 22:00:00,-1.1881338
2025-07-22 23:00:00,-0.8966837
2025-07-23 00:00:00,-0.2206348
2025-07-23 01:00:00,0.5771465
2025-07-23 02:00:00,1.3843731
2025-07-23 03:00:00,2.039629
2025-07-23 04:00:00,2.4005134
2025-07-23 05:00:00,2.3056338
2025-07-23 06:00:00,1.9358331
2025-07-23 07:00:00,1.2455074
2025-07-23 08:00:00,0.42537466
2025-07-23 09:00:00,-0.39787704
2025-07-23 10:00:00,-1.0491886
2025-07-23 11:00:00,-1.2957238
2025-07-23 12:00:00,-0.90105546
2025-07-23 13:00:00,-0.20195343
2025-07-23 14:00:00,0.5837602
2025-07-23 15:00:00,1.2575184
2025-07-23 16:00:00,1.724866
2025-07-23 17:00:00,1.8792044
2025-07-23 18:00:00,1.5723541
2025-07-23 19:00:00,1.0664843
2025-07-23 20:00:00,0.3494721
2025-07-23 21:00:00,-0.37462178
2025-07-23 22:00:00,-0.9949986
2025-07-23 23:00:00,-1.2659351
2025-07-24 00:00:00,-0.8509424
2025-07-24 01:00:00,-0.085156485
2025-07-24 02:00:00,0.78654027
2025-07-24 03:00:00,1.6636113
2025-07-24 04:00:00,2.3215947
2025-07-24 05:00:00,2.600546
2025-07-24 06:00:00,2.3742518
2025-07-24 07:00:00,1.8669323
2025-07-24 08:00:00,1.0592014
2025-07-24 09:00:00,0.19673015
2025-07-24 10:00:00,-0.63531023
2025-07-24 11:00:00,-1.239735
2025-07-24 12:00:00,-1.3620751
2025-07-24 13:00:00,-0.80374515
2025-07-24 14:00:00,0.007796089
2025-07-24 15:00:00,0.89950484
2025-07-24 16:00:00,1.6003686
2025-07-24 17:00:00,2.0513532
2025-07-24 18:00:00,2.085619
2025-07-24 19:00:00,1.7022294
2025-07-24 20:00:00,1.0857347
2025-07-24 21:00:00,0.28425193
2025-07-24 22:00:00,-0.46385983
2025-07-24 23:00:00,-1.0583478
2025-07-25 00:00:00,-1.1786164
2025-07-25 01:00:00,-0.5540311
2025-07-25 02:00:00,0.2747756
2025-07-25 03:00:00,1.2511384
2025-07-25 04:00:00,2.1219466
2025-07-25 05:00:00,2.783578
2025-07-25 06:00:00,2.9273329
2025-07-25 07:00:00,2.5990927
2025-07-25 08:00:00,1.9444355
2025-07-25 09:00:00,1.0858693
2025-07-25 10:00:00,0.16017188
2025-07-25 11:00:00,-0.6796676
2025-07-25 12:00:00,-1.1861631
2025-07-25 13:00:00,-1.0756327
2025-07-25 14:00:00,-0.3366474
2025-07-25 15:00:00,0.54926944
2025-07-25 16:00:00,1.4373509
2025-07-25 17:00:00,2.0460334
2025-07-25 18:00:00,2.409256
2025-07-25 19:00:00,2.2389255
2025-07-25 20:00:00,1.7612698
2025-07-25 21:00:00,1.0264387
2025-07-25 22:00:00,0.24847536
2025-07-25 23:00:00,-0.54574907
2025-07-26 00:00:00,-1.057548
2025-07-26 01:00:00,-0.9766215
2025-07-26 02:00:00,-0.25245535
2025-07-26 03:00:00,0.6115477
2025-07-26 04:00:00,1.5673796
2025-07-26 05:00:00,2.3154726
2025-07-26 06:00:00,2.792369
2025-07-26 07:00:00,2.7150555
2025-07-26 08:00:00,2.2401528
2025-07-26 09:00:00,1.4425622
2025-07-26 10:00:00,0.57769936
2025-07-26 11:00:00,-0.35264632
2025-07-26 12:00:00,-1.1140559
2025-07-26 13:00:00,-1.4725827
2025-07-26 14:00:00,-1.0622725
2025-07-26 15:00:00,-0.20949578
2025-07-26 16:00:00,0.72023064
2025-07-26 17:00:00,1.505694
2025-07-26 18:00:00,2.0499775
2025-07-26 19:00:00,2.2512434
2025-07-26 20:00:00,1.9070401
2025-07-26 21:00:00,1.3229408
2025-07-26 22:00:00,0.54997945
2025-07-26 23:00:00,-0.2318267
2025-07-27 00:00:00,-0.94718087
2025-07-27 01:00:00,-1.3459644
2025-07-27 02:00:00,-1.03562
2025-07-27 03:00:00,-0.21200544
2025-07-27 04:00:00,0.76128584
2025-07-27 05:00:00,1.6807909
2025-07-27 06:00:00,2.3348079
2025-07-27 07:00:00,2.6304924
2025-07-27 08:00:00,2.318368
2025-07-27 09:00:00,1.7441622
2025-07-27 10:00:00,0.8983171
2025-07-27 11:00:00,0.031139234
2025-07-27 12:00:00,-0.81971747
2025-07-27 13:00:00,-1.4338465
2025-07-27 14:00:00,-1.5147582
2025-07-27 15:00:00,-0.8123211
2025-07-27 16:00:00,0.04563158
2025-07-27 17:00:00,0.94545496
2025-07-27 18:00:00,1.6300354
